{"Pepsi_pts": [0.33366666666666667, 0.33366666666666667, 0.6673333333333333, 0.6673333333333333, 1.0010000000000001, 1.0010000000000001, 1.3346666666666667, 1.3346666666666667, 1.6683333333333334, 1.6683333333333334, 2.0020000000000002, 2.0020000000000002, 2.3356666666666666, 2.3356666666666666, 2.6693333333333333, 2.6693333333333333, 3.003, 3.003, 3.336666666666667, 3.336666666666667, 3.6703333333333332, 3.6703333333333332, 4.0040000000000004, 4.0040000000000004, 4.337666666666666, 4.337666666666666, 4.671333333333333, 4.671333333333333, 5.005, 5.005, 5.338666666666667, 5.338666666666667, 5.6723333333333334, 5.6723333333333334, 6.006, 6.339666666666667, 6.673333333333334, 7.007000000000001, 7.3406666666666665, 7.674333333333333, 8.008000000000001, 8.341666666666667, 8.675333333333333, 9.009, 9.342666666666666, 11.011000000000001, 11.344666666666667, 11.344666666666667, 12.345666666666666, 12.679333333333334, 13.013, 13.346666666666668, 13.680333333333333, 14.014000000000001, 14.347666666666667, 14.681333333333333, 15.015, 15.348666666666666, 15.682333333333334, 16.016000000000002, 16.349666666666668, 16.349666666666668, 16.683333333333334, 17.017, 17.350666666666665, 17.684333333333335, 18.018, 18.351666666666667, 18.685333333333332, 19.019000000000002, 19.352666666666668, 19.686333333333334, 19.686333333333334, 20.02, 20.353666666666665, 20.687333333333335, 21.021, 21.021, 21.354666666666667, 21.688333333333333, 22.022000000000002, 22.355666666666668, 22.689333333333334, 23.023, 23.356666666666666, 24.024, 24.357666666666667, 25.692333333333334, 26.026, 26.359666666666666, 26.693333333333335, 26.693333333333335, 27.360666666666667, 28.361666666666668, 28.695333333333334, 29.029, 29.362666666666666, 30.697333333333333, 32.36566666666667], "CocaCola_pts": [0.33366666666666667, 0.33366666666666667, 0.6673333333333333, 0.6673333333333333, 1.0010000000000001, 1.0010000000000001, 1.0010000000000001, 1.3346666666666667, 1.3346666666666667, 1.3346666666666667, 1.6683333333333334, 1.6683333333333334, 1.6683333333333334, 2.0020000000000002, 2.0020000000000002, 2.0020000000000002, 2.3356666666666666, 2.3356666666666666, 2.3356666666666666, 2.6693333333333333, 2.6693333333333333, 2.6693333333333333, 3.003, 3.003, 3.003, 3.336666666666667, 3.336666666666667, 3.6703333333333332, 4.0040000000000004, 4.0040000000000004, 4.337666666666666, 4.337666666666666, 4.671333333333333, 4.671333333333333, 5.005, 5.005, 5.338666666666667, 5.6723333333333334, 5.6723333333333334, 5.6723333333333334, 6.339666666666667, 6.673333333333334, 6.673333333333334, 7.007000000000001, 7.007000000000001, 7.3406666666666665, 7.3406666666666665, 7.674333333333333, 7.674333333333333, 8.008000000000001, 8.008000000000001, 8.008000000000001, 8.341666666666667, 8.341666666666667, 8.675333333333333, 8.675333333333333, 9.009, 9.009, 9.342666666666666, 10.01, 10.343666666666667, 10.343666666666667, 10.677333333333333, 10.677333333333333, 11.011000000000001, 11.344666666666667, 11.678333333333333, 11.678333333333333, 12.012, 12.345666666666666, 12.679333333333334, 12.679333333333334, 13.013, 13.680333333333333, 14.014000000000001, 14.681333333333333, 15.015, 15.348666666666666, 15.682333333333334, 16.016000000000002, 16.349666666666668, 16.683333333333334, 17.017, 17.350666666666665, 17.684333333333335, 18.018, 18.351666666666667, 18.685333333333332, 18.685333333333332, 18.685333333333332, 19.019000000000002, 19.019000000000002, 19.352666666666668, 19.352666666666668, 19.352666666666668, 19.686333333333334, 19.686333333333334, 20.02, 20.02, 20.353666666666665, 20.353666666666665, 20.687333333333335, 20.687333333333335, 21.021, 21.021, 21.354666666666667, 21.354666666666667, 21.688333333333333, 21.688333333333333, 22.022000000000002, 22.022000000000002, 22.355666666666668, 22.355666666666668, 22.689333333333334, 22.689333333333334, 23.023, 23.023, 23.356666666666666, 23.356666666666666, 23.690333333333335, 23.690333333333335, 24.024, 24.357666666666667, 24.691333333333333, 26.026, 26.693333333333335, 27.027, 27.360666666666667, 27.360666666666667, 27.694333333333333, 28.028000000000002, 28.028000000000002, 28.361666666666668, 28.695333333333334]}